{
  "auc": 0.9915608678126582,
  "pr_auc": 0.9943685337595634,
  "precision_at_0_5": 0.9707602339181286,
  "recall_at_0_5": 0.9472182596291013,
  "confusion_matrix": [
    [
      479,
      20
    ],
    [
      37,
      664
    ]
  ]
}