{
  "rolling_score_3w": 11.903491487560588,
  "disability_flag": 0.32899097630838964,
  "cum_submissions": 0.2272050336219128,
  "weekly_submissions": 0.20292148783924324,
  "age_band_num": 0.14371215657096809,
  "score_trend_2w": 0.11435841354432269,
  "weekly_score_mean": 0.10201678350100668,
  "studied_credits": 0.07959413630625631,
  "imd_band_num": 0.024532560050606465
}